RecordID,SectorID,SlotInSector,Timestamp,PackVoltage_V,PackCurrent_A,SOC_Percent,TempMax_C,TempMin_C,CellVMax_V,CellVMin_V,DeltaCell_mV,FaultWord,CycleCount
1,1,0,1727337601,48.16,-23.36,94.9,32,27,4.18,4.14,40,0x0000,128
2,1,1,1727337602,48.122,-21.91,94.8,32,27,4.179,4.139,40,0x0000,128
3,1,2,1727337603,48.087,-20.79,94.7,32,27,4.179,4.139,40,0x0000,128
4,1,3,1727337604,48.057,-20.14,94.6,32,27,4.178,4.138,40,0x0000,128
5,1,4,1727337605,48.032,-20.02,94.5,32,27,4.178,4.138,40,0x0000,128
6,1,5,1727337606,48.014,-20.45,94.4,32,27,4.177,4.137,40,0x0000,128
7,1,6,1727337607,48.003,-21.38,94.3,32,27,4.177,4.137,40,0x0000,128
8,1,7,1727337608,48,-22.71,94.2,32,27,4.176,4.136,40,0x0000,128
9,1,8,1727337609,48.005,-24.29,94.1,32,27,4.176,4.136,40,0x0000,128
10,1,9,1727337610,48.018,-25.95,94,33,27,4.175,4.135,40,0x0000,128
11,1,10,1727337611,48.038,-27.51,93.9,33,27,4.175,4.135,40,0x0000,128
12,1,11,1727337612,48.065,-28.78,93.8,33,27,4.174,4.134,40,0x0000,128
13,1,12,1727337613,48.097,-29.65,93.7,33,27,4.174,4.134,40,0x0000,128
14,1,13,1727337614,48.133,-29.99,93.6,33,27,4.173,4.133,40,0x0000,128
15,1,14,1727337615,48.172,-29.79,93.5,33,28,4.173,4.133,40,0x0000,128
16,1,15,1727337616,48.212,-29.07,93.4,33,28,4.172,4.132,40,0x0000,128
17,2,0,1727337617,48.251,-27.89,93.3,33,28,4.172,4.132,40,0x0000,128
18,2,1,1727337618,48.289,-26.4,93.2,33,28,4.171,4.131,40,0x0000,128
19,2,2,1727337619,48.322,-24.75,93.1,33,28,4.171,4.131,40,0x0000,128
20,2,3,1727337620,48.351,-23.13,93,34,28,4.17,4.13,40,0x0000,128
21,2,4,1727337621,48.374,-21.72,92.9,34,28,4.17,4.13,40,0x0000,128
22,2,5,1727337622,48.39,-20.66,92.8,34,28,4.169,4.129,40,0x0000,128
23,2,6,1727337623,48.399,-20.09,92.7,34,28,4.169,4.129,40,0x0000,128
24,2,7,1727337624,48.399,-20.05,92.6,34,28,4.168,4.128,40,0x0000,128
25,2,8,1727337625,48.392,-20.56,92.5,34,28,4.168,4.128,40,0x0000,128
26,2,9,1727337626,48.377,-21.56,92.4,34,28,4.167,4.127,40,0x0000,128
27,2,10,1727337627,48.355,-22.94,92.3,34,28,4.167,4.127,40,0x0000,128
28,2,11,1727337628,48.326,-24.54,92.2,34,28,4.166,4.126,40,0x0000,128
29,2,12,1727337629,48.293,-26.2,92.1,34,28,4.166,4.126,40,0x0000,128
30,2,13,1727337630,48.256,-27.72,92,35,29,4.165,4.125,40,0x0000,128
31,2,14,1727337631,48.217,-28.94,91.9,35,29,4.165,4.125,40,0x0000,128
32,2,15,1727337632,48.177,-29.73,91.8,35,29,4.164,4.124,40,0x0000,128
33,3,0,1727337633,48.138,-30,91.7,35,29,4.164,4.124,40,0x0000,128
34,3,1,1727337634,48.101,-29.72,91.6,35,29,4.163,4.123,40,0x0000,128
35,3,2,1727337635,48.069,-28.92,91.5,35,29,4.163,4.123,40,0x0000,128
36,3,3,1727337636,48.041,-27.68,91.4,35,29,4.162,4.122,40,0x0000,128
37,3,4,1727337637,48.02,-26.15,91.3,35,29,4.162,4.122,40,0x0000,128
38,3,5,1727337638,48.006,-24.5,91.2,35,29,4.161,4.121,39.9999999999991,0x0000,128
39,3,6,1727337639,48,-22.9,91.1,35,29,4.161,4.121,39.9999999999991,0x0000,128
40,3,7,1727337640,48.002,-21.53,91,36,29,4.16,4.12,40,0x0000,128
41,3,8,1727337641,48.012,-20.54,90.9,36,29,4.16,4.12,40,0x0000,128
42,3,9,1727337642,48.029,-20.05,90.8,36,29,4.159,4.119,40,0x0000,128
43,3,10,1727337643,48.053,-20.1,90.7,36,29,4.159,4.119,40,0x0000,128
44,3,11,1727337644,48.083,-20.68,90.6,36,29,4.158,4.118,40,0x0000,128
45,3,12,1727337645,48.118,-21.75,90.5,36,30,4.158,4.118,40,0x0000,128
46,3,13,1727337646,48.155,-23.17,90.4,36,30,4.157,4.117,40,0x0000,128
47,3,14,1727337647,48.195,-24.79,90.3,36,30,4.157,4.117,40,0x0000,128
48,3,15,1727337648,48.235,-26.44,90.2,36,30,4.156,4.116,40,0x0000,128
49,4,0,1727337649,48.273,-27.93,90.1,36,30,4.156,4.116,40,0x0000,128
50,4,1,1727337650,48.309,-29.09,90,37,30,4.155,4.115,40,0x0000,128
51,4,2,1727337651,48.34,-29.81,89.9,37,30,4.155,4.115,40,0x0000,128
52,4,3,1727337652,48.366,-29.99,89.8,37,30,4.154,4.114,40,0x0000,128
53,4,4,1727337653,48.385,-29.63,89.7,37,30,4.154,4.114,40,0x0000,128
54,4,5,1727337654,48.396,-28.75,89.6,37,30,4.153,4.113,39.9999999999991,0x0000,128
55,4,6,1727337655,48.4,-27.47,89.5,37,30,4.153,4.113,39.9999999999991,0x0000,128
56,4,7,1727337656,48.396,-25.91,89.4,37,30,4.152,4.112,40,0x0000,128
57,4,8,1727337657,48.384,-24.25,89.3,37,30,4.152,4.112,40,0x0000,128
58,4,9,1727337658,48.365,-22.67,89.2,37,30,4.151,4.111,40,0x0000,128
59,4,10,1727337659,48.339,-21.35,89.1,37,30,4.151,4.111,40,0x0000,128
60,4,11,1727337660,48.307,-20.44,89,38,31,4.15,4.11,40,0x0000,128
61,4,12,1727337661,48.272,-20.02,88.9,38,31,4.15,4.11,40,0x0000,128
62,4,13,1727337662,48.233,-20.15,88.8,38,31,4.149,4.109,40,0x0000,128
63,4,14,1727337663,48.193,-20.82,88.7,38,31,4.149,4.109,40,0x0000,128
64,4,15,1727337664,48.154,-21.94,88.6,38,31,4.148,4.108,40,0x0000,128
65,5,0,1727337665,48.116,-23.41,88.5,38,31,4.148,4.108,40,0x0000,128
66,5,1,1727337666,48.082,-25.04,88.4,38,31,4.147,4.107,40,0x0000,128
67,5,2,1727337667,48.052,-26.68,88.3,38,31,4.147,4.107,40,0x0000,128
68,5,3,1727337668,48.028,-28.13,88.2,38,31,4.146,4.106,40,0x0000,128
69,5,4,1727337669,48.011,-29.23,88.1,38,31,4.146,4.106,40,0x0000,128
70,5,5,1727337670,48.002,-29.87,88,39,31,4.145,4.105,39.9999999999991,0x0000,128
71,5,6,1727337671,48,-29.97,87.9,39,31,4.145,4.105,39.9999999999991,0x0000,128
72,5,7,1727337672,48.007,-29.53,87.8,39,31,4.144,4.104,40,0x0000,128
73,5,8,1727337673,48.021,-28.58,87.7,39,31,4.144,4.104,40,0x0000,128
74,5,9,1727337674,48.042,-27.25,87.6,39,31,4.143,4.103,40,0x0000,128
75,5,10,1727337675,48.07,-25.66,87.5,39,32,4.143,4.103,40,0x0000,128
76,5,11,1727337676,48.103,-24,87.4,39,32,4.142,4.102,40,0x0000,128
77,5,12,1727337677,48.139,-22.46,87.3,39,32,4.142,4.102,40,0x0000,128
78,5,13,1727337678,48.178,-21.19,87.2,39,32,4.141,4.101,40,0x0000,128
79,5,14,1727337679,48.218,-20.34,87.1,39,32,4.141,4.101,40,0x0000,128
80,5,15,1727337680,48.258,-20,87,40,32,4.14,4.1,40,0x0000,128
81,6,0,1727337681,48.294,-20.22,86.9,40,32,4.14,4.1,40,0x0000,128
82,6,1,1727337682,48.328,-20.96,86.8,40,32,4.139,4.099,40,0x0000,128
83,6,2,1727337683,48.356,-22.15,86.7,40,32,4.139,4.099,40,0x0000,128
84,6,3,1727337684,48.378,-23.65,86.6,40,32,4.138,4.098,40,0x0000,128
85,6,4,1727337685,48.392,-25.29,86.5,40,32,4.138,4.098,40,0x0000,128
86,6,5,1727337686,48.399,-26.91,86.4,40,32,4.137,4.097,39.9999999999991,0x0000,128
87,6,6,1727337687,48.399,-28.32,86.3,40,32,4.137,4.097,39.9999999999991,0x0000,128
88,6,7,1727337688,48.39,-29.36,86.2,40,32,4.136,4.096,40,0x0000,128
89,6,8,1727337689,48.373,-29.92,86.1,40,32,4.136,4.096,40,0x0000,128
90,6,9,1727337690,48.35,-29.94,86,41,33,4.135,4.095,40,0x0000,128
91,6,10,1727337691,48.321,-29.42,85.9,41,33,4.135,4.095,40,0x0000,128
92,6,11,1727337692,48.287,-28.41,85.8,41,33,4.134,4.094,40,0x0000,128
93,6,12,1727337693,48.249,-27.02,85.7,41,33,4.134,4.094,40,0x0000,128
94,6,13,1727337694,48.21,-25.41,85.6,41,33,4.133,4.093,40,0x0000,128
95,6,14,1727337695,48.17,-23.76,85.5,41,33,4.133,4.093,40,0x0000,128
96,6,15,1727337696,48.131,-22.24,85.4,41,33,4.132,4.092,40,0x0000,128
97,7,0,1727337697,48.095,-21.03,85.3,41,33,4.132,4.092,40,0x0000,128
98,7,1,1727337698,48.064,-20.25,85.2,41,33,4.131,4.091,40,0x0000,128
99,7,2,1727337699,48.037,-20,85.1,41,33,4.131,4.091,40,0x0000,128
100,7,3,1727337700,48.017,-20.3,85,42,33,4.13,4.09,40,0x0000,128
101,7,4,1727337701,48.005,-21.11,84.9,42,33,4.13,4.09,40,0x0000,128
102,7,5,1727337702,48,-22.35,84.8,42,33,4.129,4.089,39.9999999999991,0x0000,128
103,7,6,1727337703,48.003,-23.89,84.7,42,33,4.129,4.089,39.9999999999991,0x0000,128
104,7,7,1727337704,48.014,-25.54,84.6,42,33,4.128,4.088,40,0x0000,128
105,7,8,1727337705,48.033,-27.14,84.5,42,34,4.128,4.088,40,0x0000,128
106,7,9,1727337706,48.058,-28.5,84.4,42,34,4.127,4.087,40,0x0000,128
107,7,10,1727337707,48.089,-29.48,84.3,42,34,4.127,4.087,40,0x0000,128
108,7,11,1727337708,48.124,-29.96,84.2,42,34,4.126,4.086,40,0x0000,128
109,7,12,1727337709,48.162,-29.9,84.1,42,34,4.126,4.086,40,0x0000,128
110,7,13,1727337710,48.202,-29.29,84,43,34,4.125,4.085,40,0x0000,128
111,7,14,1727337711,48.241,-28.22,83.9,43,34,4.125,4.085,40,0x0000,128
112,7,15,1727337712,48.28,-26.79,83.8,43,34,4.124,4.084,40,0x0000,128
